Model,Accuracy,Precision,Recall,F-1 Score,ROC-AUC
Logistic Regression,0.9469214437367304,0.8230088495575221,0.7560975609756098,0.788135593220339,0.9732471683691196
Random Forest,0.940552016985138,0.8018018018018018,0.7235772357723578,0.7606837606837608,0.9719963866305329
XGBoost,0.9469214437367304,0.8016528925619835,0.7886178861788617,0.7950819672131147,0.9766620010522449
Ensemble,0.9469214437367304,0.8173913043478261,0.7642276422764228,0.7899159663865547,0.9777738070420997
