Model,Accuracy,Precision,Recall,F-1 Score,ROC-AUC
Logistic Regression,0.9451371571072319,0.7708333333333334,0.7708333333333334,0.7708333333333333,0.9632318224740322
Random Forest,0.940149625935162,0.75,0.75,0.75,0.9640580736543909
XGBoost,0.940149625935162,0.75,0.75,0.75,0.9704320113314447
Ensemble,0.9551122194513716,0.8125,0.8125,0.8125,0.9693696883852692
