Model,Accuracy,Precision,Recall,F-1 Score,ROC-AUC
Logistic Regression,0.9526372443487621,0.8166666666666667,0.8166666666666667,0.8166666666666667,0.9752884219200659
Random Forest,0.9483315392895587,0.8,0.8,0.8000000000000002,0.9710341985990936
XGBoost,0.9440258342303552,0.7833333333333333,0.7833333333333333,0.7833333333333333,0.9735784919653894
Ensemble,0.9483315392895587,0.8,0.8,0.8000000000000002,0.9760815822002471
