Model,Accuracy,Precision,Recall,F-1 Score,ROC-AUC
Logistic Regression,0.9569429494079655,0.8333333333333334,0.8333333333333334,0.8333333333333334,0.990677791512155
Random Forest,0.9504843918191603,0.8083333333333333,0.8083333333333333,0.8083333333333333,0.9879995879686856
XGBoost,0.9504843918191603,0.8083333333333333,0.8083333333333333,0.8083333333333333,0.9821178409559126
Ensemble,0.9504843918191603,0.8083333333333333,0.8083333333333333,0.8083333333333333,0.9936650185414091
