Model,Accuracy,Precision,Recall,F-1 Score,ROC-AUC
Logistic Regression,0.9605263157894737,0.875,0.875,0.875,0.9710286458333334
Random Forest,0.9736842105263158,0.9166666666666666,0.9166666666666666,0.9166666666666666,0.9807942708333334
XGBoost,0.9605263157894737,0.875,0.875,0.875,0.9759114583333333
Ensemble,0.9736842105263158,0.9166666666666666,0.9166666666666666,0.9166666666666666,0.9772135416666666
