Model,Accuracy,Precision,Recall,F-1 Score,ROC-AUC
Logistic Regression,0.9547900968783638,0.825,0.825,0.825,0.9750721054800165
Random Forest,0.9418729817007535,0.775,0.775,0.775,0.9729192418623815
XGBoost,0.9440258342303552,0.7833333333333333,0.7833333333333333,0.7833333333333333,0.9739081170168933
Ensemble,0.946178686759957,0.7916666666666666,0.7916666666666666,0.7916666666666666,0.9755253399258343
